股票代码,股票简称,最新价,最新涨跌幅,个股热度[20240925],个股热度排名[20240925],market_code,code
000158.SZ,常山北明,12.08,10.018214936,719957.5,1,33,000158
600550.SH,保变电气,9.91,-9.990917348,552105.0,2,17,600550
000595.SZ,宝塔实业,8.11,10.040705563,388790.0,3,33,000595
000736.SZ,中交地产,10.31,-9.956331878,373007.5,4,33,000736
000062.SZ,深圳华强,25.99,-9.189378057,352417.0,5,33,000062
600198.SH,大唐电信,8.42,-9.946524064,325365.5,6,17,600198
300085.SZ,银之杰,18.98,19.97471555,299348.5,7,33,300085
601162.SH,天风证券,3.3,10,211732.5,8,17,601162
002583.SZ,海能达,5.76,9.923664122,203887.5,9,33,002583
002693.SZ,双成药业,12.29,10.026857654,201626.0,10,33,002693
300561.SZ,汇金科技,15.26,19.968553459,192009.5,11,33,300561
002717.SZ,岭南股份,2.07,10.106382979,181155.0,12,33,002717
600619.SH,海立股份,7.74,4.172274563,171444.0,13,17,600619
000750.SZ,国海证券,3.63,10,153360.5,14,33,000750
601933.SH,永辉超市,2.73,10.080645161,146443.0,15,17,601933
002261.SZ,拓维信息,14.52,5.676855895,145609.0,16,33,002261
000627.SZ,天茂集团,3.04,10.144927536,145061.5,17,33,000627
000948.SZ,南天信息,17.02,-1.447596989,133804.5,18,33,000948
000617.SZ,中油资本,6.15,10.017889088,131149.5,19,33,000617
600501.SH,航天晨光,17.25,10.012755102,124467.5,20,17,600501
600611.SH,大众交通,6.83,0.886262925,122330.0,21,17,600611
001236.SZ,弘业期货,11.4,0.617828773,119174.0,22,33,001236
000717.SZ,中南股份,2.37,10.23255814,117043.5,23,33,000717
300925.SZ,法本信息,19.17,4.811372335,113556.5,24,33,300925
002640.SZ,跨境通,2.21,9.950248756,109096.0,25,33,002640
603106.SH,恒银科技,6.37,10.017271157,108513.5,26,17,603106
600390.SH,五矿资本,5.01,10.10989011,108390.0,27,17,600390
600318.SH,新力金融,7.28,9.96978852,107655.5,28,17,600318
600881.SH,亚泰集团,1.42,10.07751938,103187.0,29,17,600881
300180.SZ,华峰超纤,5.1,20,103164.0,30,33,300180
600519.SH,贵州茅台,1399,1.923357132,103002.5,31,17,600519
300785.SZ,值得买,21.6,20,101012.0,32,33,300785
002423.SZ,中粮资本,8.93,9.975369458,100673.0,33,33,002423
601099.SH,太平洋,3.67,4.558404558,98578.5,34,17,601099
300072.SZ,海新能科,3,20,87120.0,35,33,300072
300533.SZ,冰川网络,14.28,2.145922747,86765.0,36,33,300533
300059.SZ,东方财富,12.42,3.846153846,85364.5,37,33,300059
002607.SZ,中公教育,2.21,-3.493449782,81629.0,38,33,002607
000676.SZ,智度股份,6.79,6.929133858,77889.5,39,33,000676
600705.SH,中航产融,2.89,9.885931559,77299.5,40,17,600705
002383.SZ,合众思壮,6.82,10,76542.5,41,33,002383
603259.SH,药明康德,42.71,0.494117647,75450.0,42,17,603259
002232.SZ,启明信息,18.67,-5.276509386,73282.0,43,33,002232
600150.SH,中国船舶,36.85,5.165525114,71992.0,44,17,600150
300071.SZ,福石控股,3.06,20,70118.0,45,33,300071
000004.SZ,国华网安,15.28,-6.027060271,68483.5,46,33,000004
600895.SH,张江高科,20.87,1.854563202,65834.0,47,17,600895
600030.SH,中信证券,21.16,1.633045149,65807.5,48,17,600030
600719.SH,大连热电,6.55,6.158833063,62272.5,49,17,600719
600658.SH,电子城,4.29,6.188118812,61261.0,50,17,600658
600187.SH,国中水务,3.35,-2.61627907,59848.0,51,17,600187
002786.SZ,银宝山新,9.09,-2.15285253,59179.0,52,33,002786
600830.SH,香溢融通,9.51,4.390779363,58608.5,53,17,600830
000793.SZ,华闻集团,1.56,9.85915493,58303.0,54,33,000793
300061.SZ,旗天科技,8.17,3.548795944,57928.0,55,33,300061
603093.SH,南华期货,11.63,10.028382214,57241.5,56,17,603093
603988.SH,中电电机,14.32,3.318903319,55162.5,57,17,603988
603883.SH,老百姓,14.22,-1.523545706,54456.0,58,17,603883
002369.SZ,卓翼科技,5,6.609808102,54180.0,59,33,002369
601138.SH,工业富联,21.07,2.380952381,52713.0,60,17,601138
601989.SH,中国重工,4.88,5.172413793,51519.5,61,17,601989
600061.SH,国投资本,6.82,9.822866345,50038.0,62,17,600061
300295.SZ,三六五网,12.32,10.592459605,50026.0,63,33,300295
300364.SZ,中文在线,19.01,9.002293578,48569.5,64,33,300364
300149.SZ,睿智医药,6.09,12.987012987,48205.5,65,33,300149
002961.SZ,瑞达期货,13.23,9.975062344,48122.5,66,33,002961
600643.SH,爱建集团,4.94,10.022271715,46982.0,67,17,600643
002016.SZ,世荣兆业,7.47,10.014727541,46976.0,68,33,002016
002312.SZ,川发龙蟒,8.38,4.619225968,46771.5,69,33,002312
002594.SZ,比亚迪,262.8,3.346572811,46423.5,70,33,002594
600733.SH,北汽蓝谷,6.89,3.143712575,45316.5,71,17,600733
000625.SZ,长安汽车,12.48,1.052631579,45284.0,72,33,000625
000712.SZ,锦龙股份,11.28,1.530153015,45073.5,73,33,000712
601136.SH,首创证券,19.12,1.217575437,44056.0,74,17,601136
000917.SZ,电广传媒,5.63,9.9609375,44021.0,75,33,000917
000567.SZ,海德股份,5.51,9.98003992,43822.0,76,33,000567
002936.SZ,郑州银行,1.86,10.059171598,43752.0,77,33,002936
000560.SZ,我爱我家,2.81,-1.748251748,43745.5,78,33,000560
600151.SH,航天机电,5.74,9.961685824,43701.5,79,17,600151
601127.SH,赛力斯,78.03,-0.370275792,42837.5,80,17,601127
300068.SZ,南都电源,11.91,-2.696078431,42457.0,81,33,300068
600130.SH,波导股份,3.91,-6.009615385,42434.0,82,17,600130
000402.SZ,金融街,2.63,10.041841004,42358.5,83,33,000402
000628.SZ,高新发展,42.23,4.194423884,42051.0,84,33,000628
300033.SZ,同花顺,119.48,3.958931524,41966.0,85,33,300033
601318.SH,中国平安,47.36,1.849462366,41763.0,86,17,601318
000413.SZ,ST旭电,,,41279.0,87,33,000413
000002.SZ,万科A,7.31,2.668539326,41272.0,88,33,000002
000555.SZ,神州信息,9.94,4.192872117,41082.0,89,33,000555
000536.SZ,华映科技,2.85,0.352112676,41023.0,90,33,000536
600721.SH,百花医药,6.85,5.222734255,40719.5,91,17,600721
000608.SZ,阳光股份,1.88,9.941520468,40671.0,92,33,000608
300663.SZ,科蓝软件,13.38,4.286827747,40461.5,93,33,300663
600171.SH,上海贝岭,20.86,-0.382043935,40161.0,94,17,600171
000906.SZ,浙商中拓,5.37,10.040983607,39868.0,95,33,000906
002456.SZ,欧菲光,8.33,-0.715137068,39270.5,96,33,002456
300047.SZ,天源迪科,9.16,2.575587906,38689.0,97,33,300047
603196.SH,日播时尚,9.3,10.059171598,37539.0,98,17,603196
600838.SH,上海九百,7.54,4.432132964,36484.5,99,17,600838
002405.SZ,四维图新,7.73,1.576872536,36471.0,100,33,002405
000858.SZ,五粮液,122.1,1.445663011,36405.5,101,33,000858
600225.SH,卓朗科技,2.14,-1.382488479,36325.0,102,17,600225
300377.SZ,赢时胜,7.39,7.412790698,36132.0,103,33,300377
000995.SZ,皇台酒业,10.94,-6.255355613,36050.0,104,33,000995
002466.SZ,天齐锂业,28.09,2.443471918,35675.0,105,33,002466
002208.SZ,合肥城建,5.53,9.940357853,35237.5,106,33,002208
603626.SH,科森科技,8.08,0.748129676,35140.0,107,17,603626
300310.SZ,宜通世纪,5.73,3.429602888,34779.0,108,33,300310
300468.SZ,四方精创,10.76,11.271975181,34701.0,109,33,300468
000430.SZ,张家界,6.16,10,34548.0,110,33,000430
601929.SH,吉视传媒,1.28,7.56302521,34476.0,111,17,601929
000901.SZ,航天科技,9.9,3.664921466,33947.5,112,33,000901
605199.SH,葫芦娃,12.09,10.009099181,33884.5,113,17,605199
300750.SZ,宁德时代,203.1,2.825030377,33865.0,114,33,300750
300080.SZ,易成新能,3.85,12.244897959,33840.5,115,33,300080
002987.SZ,京北方,12.1,6.796116505,33517.5,116,33,002987
600036.SH,招商银行,34.15,3.078780561,33470.0,117,17,600036
600839.SH,四川长虹,5.11,0.196078431,33275.0,118,17,600839
002647.SZ,仁东控股,4.96,4.421052632,33235.0,119,33,002647
600811.SH,东方集团,1.51,6.338028169,33024.0,120,17,600811
002323.SZ,雅博股份,1.39,0.724637681,32965.5,121,33,002323
300290.SZ,荣科科技,10.75,6.646825397,32958.5,122,33,300290
002474.SZ,榕基软件,5.13,6.652806653,32914.5,123,33,002474
600203.SH,福日电子,7.07,1,32736.5,124,17,600203
601800.SH,中国交建,8.14,7.105263158,32698.5,125,17,601800
600778.SH,友好集团,4.91,10.089686099,32427.5,126,17,600778
000099.SZ,中信海直,15.92,2.577319588,32402.0,127,33,000099
603421.SH,鼎信通讯,5.89,-2.644628099,32369.0,128,17,603421
002659.SZ,凯文教育,4.41,9.975062344,32264.0,129,33,002659
002600.SZ,领益智造,6.4,-1.689708141,32218.0,130,33,002600
600691.SH,阳煤化工,1.99,9.944751381,32185.0,131,17,600691
300333.SZ,兆日科技,6.98,3.869047619,32054.0,132,33,300333
000566.SZ,海南海药,3.82,1.866666667,31951.0,133,33,000566
002555.SZ,三七互娱,14.43,4.187725632,31794.0,134,33,002555
600246.SH,万通发展,6.61,9.983361065,31779.0,135,17,600246
601012.SH,隆基绿能,13.74,1.103752759,31257.5,136,17,601012
600571.SH,信雅达,10.16,6.054279749,31213.0,137,17,600571
301236.SZ,软通动力,36.56,-0.191100191,30505.0,138,33,301236
002130.SZ,沃尔核材,12.07,4.051724138,30419.0,139,33,002130
603825.SH,华扬联众,9.49,5.797101449,30355.0,140,17,603825
603189.SH,网达软件,15.21,-0.458115183,30293.5,141,17,603189
600776.SH,东方通信,10.2,-1.066925315,30273.0,142,17,600776
601595.SH,上海电影,20.96,8.208569954,30269.0,143,17,601595
300746.SZ,汉嘉设计,12.56,-0.238284353,30162.0,144,33,300746
600053.SH,九鼎投资,14.72,0.615174299,30132.0,145,17,600053
002759.SZ,天际股份,6.67,10.066006601,29573.5,146,33,002759
300339.SZ,润和软件,22.84,1.82790905,29552.0,147,33,300339
000333.SZ,美的集团,70.11,3.042328042,29548.0,148,33,000333
002861.SZ,瀛通通讯,12.03,6.460176991,29516.0,149,33,002861
300803.SZ,指南针,46.2,5.095541401,29157.0,150,33,300803
603721.SH,中广天择,23.11,7.738927739,28900.0,151,17,603721
002085.SZ,万丰奥威,12.59,-0.866141732,28755.0,152,33,002085
300781.SZ,因赛集团,48.99,10.711864407,27946.0,153,33,300781
601398.SH,工商银行,6.04,0.666666667,27935.5,154,17,601398
000063.SZ,中兴通讯,25.48,0.236034618,27887.0,155,33,000063
688528.SH,秦川物联,7.26,0.973574409,27880.5,156,17,688528
300457.SZ,赢合科技,16.44,10.856372218,27559.0,157,33,300457
000908.SZ,*ST景峰,3.76,-5.050505051,26983.5,158,33,000908
002771.SZ,真视通,18.39,3.605633803,26872.0,159,33,002771
001696.SZ,宗申动力,12.43,-0.320769848,26819.5,160,33,001696
000548.SZ,湖南投资,4.55,9.903381643,26642.5,161,33,000548
601899.SH,紫金矿业,16.92,2.483343428,26595.5,162,17,601899
300067.SZ,安诺其,4.18,5.289672544,26551.0,163,33,300067
600157.SH,永泰能源,1.14,3.636363636,26389.0,164,17,600157
300769.SZ,德方纳米,29.25,5.748373102,26347.0,165,33,300769
000651.SZ,格力电器,42.48,2.410800386,26106.0,166,33,000651
300386.SZ,飞天诚信,10.16,0.494559842,26100.5,167,33,300386
300379.SZ,东方通,11.15,6.494746896,25976.0,168,33,300379
300730.SZ,科创信息,11.23,8.084696824,25945.0,169,33,300730
600589.SH,广东榕泰,3.03,-1.941747573,25901.5,170,17,600589
603083.SH,剑桥科技,29.19,-0.375426621,25857.5,171,17,603083
300242.SZ,佳云科技,2.77,13.991769547,25812.5,172,33,300242
601828.SH,美凯龙,2.55,9.913793103,25638.0,173,17,601828
002031.SZ,巨轮智能,2.7,-0.735294118,25352.5,174,33,002031
001298.SZ,好上好,25.74,2.468152866,25280.5,175,33,001298
000953.SZ,河化股份,4.11,6.476683938,24735.0,176,33,000953
300562.SZ,乐心医疗,11.58,6.925207756,24649.0,177,33,300562
601919.SH,中远海控,14.03,1.593048516,24603.5,178,17,601919
002194.SZ,武汉凡谷,9.04,3.908045977,24429.5,179,33,002194
300184.SZ,力源信息,6.1,2.521008403,24383.5,180,33,300184
603091.SH,众鑫股份,38.5,2.996254682,24351.5,181,17,603091
000722.SZ,湖南发展,9.3,7.266435986,24229.5,182,33,000722
000977.SZ,浪潮信息,33.3,-0.597014925,24075.0,183,33,000977
603607.SH,京华激光,15.51,-0.513149455,23679.0,184,17,603607
000815.SZ,美利云,8.39,-1.177856302,23644.5,185,33,000815
920099.BJ,瑞华技术,24.19,27.315789474,23602.0,186,151,920099
300551.SZ,古鳌科技,8.12,-2.403846154,23243.5,187,33,300551
601888.SH,中国中免,58.01,1.203768318,23116.0,188,17,601888
002952.SZ,亚世光电,21.82,-1.400813376,22824.5,189,33,002952
002129.SZ,TCL中环,8.37,1.331719128,22822.0,190,33,002129
600686.SH,金龙汽车,11.3,-0.26478376,22817.5,191,17,600686
300134.SZ,大富科技,9.18,3.963759909,22408.0,192,33,300134
688115.SH,思林杰,25.8,20,22377.5,193,17,688115
600520.SH,文一科技,18.5,1.536772777,22373.0,194,17,600520
603123.SH,翠微股份,7.4,2.920723227,22086.0,195,17,603123
600107.SH,美尔雅,4.33,9.898477157,21698.0,196,17,600107
300598.SZ,诚迈科技,35.51,2.897710808,21469.0,197,33,300598
300081.SZ,恒信东方,5.34,7.444668008,21452.0,198,33,300081
601668.SH,中国建筑,5.46,4.798464491,21331.5,199,17,601668
603172.SH,万丰股份,13.66,9.98389694,21321.5,200,17,603172
002231.SZ,奥维通信,4.93,4.449152542,21029.0,201,33,002231
002415.SZ,海康威视,26.91,2.827665266,20995.0,202,33,002415
002453.SZ,华软科技,4.66,1.084598698,20865.0,203,33,002453
600418.SH,江淮汽车,21.88,-0.725952813,20858.5,204,17,600418
002355.SZ,兴民智通,4.98,6.638115632,20839.0,205,33,002355
000001.SZ,平安银行,10.5,1.253616201,20569.0,206,33,000001
002279.SZ,久其软件,5.25,1.941747573,20314.0,207,33,002279
600552.SH,凯盛科技,10.6,0.094428706,20224.0,208,17,600552
301611.SZ,珂玛科技,30.62,5.223367698,20218.0,209,33,301611
002425.SZ,ST凯文,2.05,-5.092592593,20215.5,210,33,002425
002189.SZ,中光学,16.66,3.47826087,20144.5,211,33,002189
600887.SH,伊利股份,23.53,1.204301075,20039.0,212,17,600887
601096.SH,宏盛华源,4.46,0,19980.0,213,17,601096
002549.SZ,凯美特气,6.34,0,19698.0,214,33,002549
600156.SH,华升股份,4.15,6.41025641,19558.5,215,17,600156
000725.SZ,京东方A,3.89,0.257731959,19483.5,216,33,000725
300169.SZ,天晟新材,6.24,1.794453507,19407.5,217,33,300169
002625.SZ,光启技术,20.38,3.873598369,19376.0,218,33,002625
601390.SH,中国中铁,5.64,5.027932961,19339.5,219,17,601390
000599.SZ,青岛双星,4.09,2.25,19338.0,220,33,000599
600217.SH,中再资环,4.96,-0.201207243,19298.0,221,17,600217
002584.SZ,西陇科学,6.65,3.260869565,19086.5,222,33,002584
300130.SZ,新国都,17.75,7.771706132,18999.5,223,33,300130
300757.SZ,罗博特科,94.8,11.805637457,18904.5,224,33,300757
601880.SH,辽港股份,1.3,1.5625,18832.5,225,17,601880
301421.SZ,波长光电,38.88,-2.945581628,18765.5,226,33,301421
002547.SZ,春兴精工,3.12,3.65448505,18679.0,227,33,002547
300563.SZ,神宇股份,29.81,7.656193572,18664.0,228,33,300563
002463.SZ,沪电股份,34,-2.857142857,18601.0,229,33,002463
002230.SZ,科大讯飞,36.38,1.478382148,18600.0,230,33,002230
002803.SZ,吉宏股份,11.67,4.103479037,18563.0,231,33,002803
300380.SZ,安硕信息,22.19,3.161320316,18528.5,232,33,300380
603019.SH,中科曙光,38.3,0.183102276,18475.0,233,17,603019
000151.SZ,中成股份,11.24,0.988319856,18348.5,234,33,000151
002866.SZ,传艺科技,14.48,3.576537911,18173.0,235,33,002866
600207.SH,安彩高科,4.02,3.076923077,18171.5,236,17,600207
300560.SZ,中富通,13.17,6.295399516,18165.0,237,33,300560
603918.SH,金桥信息,10.55,-1.951672862,18157.5,238,17,603918
300622.SZ,博士眼镜,26.05,2.883096367,17827.5,239,33,300622
002686.SZ,亿利达,5.05,-0.785854617,17731.5,240,33,002686
603986.SH,兆易创新,69.45,1.535087719,17728.5,241,17,603986
601186.SH,中国铁建,7.69,5.922865014,17447.5,242,17,601186
000568.SZ,泸州老窖,112.47,1.672391973,17393.5,243,33,000568
600816.SH,建元信托,2.74,5.791505792,17282.0,244,17,600816
000564.SZ,供销大集,1.85,2.209944751,17243.0,245,33,000564
002590.SZ,万安科技,12.86,2.225755167,17224.0,246,33,002590
002123.SZ,梦网科技,7.31,2.812939522,17180.0,247,33,002123
002271.SZ,东方雨虹,10.96,1.293900185,17101.5,248,33,002271
300382.SZ,斯莱克,7.57,-2.069857697,17067.5,249,33,300382
300293.SZ,蓝英装备,17.05,-0.350672122,16948.0,250,33,300293
002268.SZ,电科网安,14.22,-1.25,16874.5,251,33,002268
002322.SZ,理工能科,13.24,-7.412587413,16819.5,253,33,002322
300015.SZ,爱尔眼科,10.36,2.675916749,16819.5,252,33,300015
300122.SZ,智飞生物,22.95,5.22696011,16763.0,254,33,300122
000932.SZ,华菱钢铁,3.89,4.851752022,16759.5,255,33,000932
301382.SZ,蜂助手,23.91,4.914436156,16744.5,256,33,301382
002036.SZ,联创电子,6.92,-0.717360115,16683.5,257,33,002036
601878.SH,浙商证券,11.74,0.256191289,16680.0,258,17,601878
603615.SH,茶花股份,13.52,10.008136697,16559.5,259,17,603615
601857.SH,中国石油,8.4,0.4784689,16520.5,260,17,601857
002021.SZ,中捷资源,1.75,1.156069364,16518.5,261,33,002021
600698.SH,湖南天雁,4.66,-0.427350427,16486.5,262,17,600698
001979.SZ,招商蛇口,9.6,-0.826446281,16455.0,263,33,001979
600536.SH,中国软件,35.04,1.183944557,16434.5,264,17,600536
600900.SH,长江电力,28.93,0.591098748,16407.5,265,17,600900
600559.SH,老白干酒,17.45,-2.240896359,16323.5,266,17,600559
603099.SH,长白山,26.29,4.408260524,16308.0,267,17,603099
000678.SZ,襄阳轴承,4.94,-0.60362173,16251.0,268,33,000678
600446.SH,金证股份,10.91,0.831792976,16169.5,269,17,600446
600649.SH,城投控股,3.71,9.763313609,16162.5,270,17,600649
600581.SH,八一钢铁,2.93,-2.006688963,16153.0,271,17,600581
002790.SZ,瑞尔特,7.59,10,16058.0,272,33,002790
688169.SH,石头科技,217.98,-8.74916276,16009.0,273,17,688169
601669.SH,中国电建,4.86,4.068522484,15991.5,274,17,601669
000020.SZ,深华发A,13.94,1.087744743,15991.0,275,33,000020
002146.SZ,荣盛发展,1.34,4.6875,15984.0,276,33,002146
601288.SH,农业银行,4.84,0.833333333,15823.5,277,17,601288
002110.SZ,三钢闽光,3.12,7.958477509,15821.0,278,33,002110
002241.SZ,歌尔股份,19.4,1.041666667,15820.5,279,33,002241
600584.SH,长电科技,29.8,2.75862069,15819.5,280,17,600584
002183.SZ,怡亚通,3.32,-1.483679525,15726.0,281,33,002183
600490.SH,鹏欣资源,2.79,-1.413427562,15601.0,282,17,600490
002766.SZ,索菱股份,4.64,-0.642398287,15545.5,283,33,002766
002460.SZ,赣锋锂业,27.51,0,15527.5,284,33,002460
300573.SZ,兴齐眼药,75.84,7.19434629,15490.5,285,33,300573
301153.SZ,中科江南,24.15,5,15430.0,286,33,301153
000981.SZ,山子高科,1.11,3.738317757,15394.0,287,33,000981
600031.SH,三一重工,16.7,0.179964007,15158.0,288,17,600031
002667.SZ,威领股份,7.03,4.302670623,15019.5,289,33,002667
600489.SH,中金黄金,13.96,3.791821561,14979.0,290,17,600489
301487.SZ,盟固利,17.31,6.523076923,14966.0,291,33,301487
300131.SZ,英唐智控,5.29,4.96031746,14918.0,292,33,300131
301078.SZ,孩子王,6.75,6.803797468,14912.0,293,33,301078
600048.SH,保利发展,8.29,1.46878825,14870.0,294,17,600048
002670.SZ,国盛金控,9.74,0,14866.0,295,33,002670
300311.SZ,任子行,4.11,-1.438848921,14841.0,296,33,300311
603062.SH,麦加芯彩,32.01,10,14833.5,297,17,603062
603439.SH,贵州三力,13.71,-2.69694819,14824.0,298,17,603439
000761.SZ,本钢板材,2.87,7.089552239,14777.0,299,33,000761
300418.SZ,昆仑万维,28.55,1.277048599,14714.0,300,33,300418
920016.BJ,中草香料,20.1,5.900948367,14712.0,301,151,920016
002475.SZ,立讯精密,38.46,-0.79958731,14698.5,302,33,002475
603855.SH,华荣股份,17.41,9.981048642,14685.5,303,17,603855
601688.SH,华泰证券,14.08,2.773722628,14638.5,304,17,601688
600241.SH,时代万恒,7.05,0.284495021,14634.5,305,17,600241
000903.SZ,云内动力,2.14,-0.925925926,14608.0,306,33,000903
600745.SH,闻泰科技,26.77,3.00115429,14582.5,307,17,600745
002217.SZ,*ST合泰,1.33,4.724409449,14456.5,308,33,002217
000938.SZ,紫光股份,19.61,0.461065574,14423.0,309,33,000938
301428.SZ,世纪恒通,27.38,10.092480901,14356.0,310,33,301428
600683.SH,京投发展,4.27,6.483790524,14349.0,311,17,600683
603662.SH,柯力传感,26.49,-3.215199123,14338.0,312,17,603662
601985.SH,中国核电,10.51,-1.035781544,14332.5,313,17,601985
002855.SZ,捷荣技术,18.8,0.320170758,14312.5,314,33,002855
600383.SH,金地集团,4.11,1.231527094,14303.5,315,17,600383
300177.SZ,中海达,7.1,3.801169591,14264.5,316,33,300177
002156.SZ,通富微电,19.09,0.209973753,14264.0,317,33,002156
603501.SH,韦尔股份,86.94,2.186177715,14243.0,318,17,603501
300605.SZ,恒锋信息,10.97,7.549019608,14179.0,319,33,300605
600228.SH,返利科技,5.18,6.58436214,14121.0,320,17,600228
600072.SH,中船科技,12.26,3.459915612,13991.5,321,17,600072
002291.SZ,遥望科技,4.85,-0.614754098,13941.5,323,33,002291
300641.SZ,正丹股份,17.99,2.624073018,13941.5,322,33,300641
300465.SZ,高伟达,8.6,5.911330049,13938.5,324,33,300465
600543.SH,莫高股份,5.86,-4.091653028,13856.0,325,17,600543
002339.SZ,积成电子,6.1,0.164203612,13851.0,326,33,002339
000799.SZ,酒鬼酒,38.84,-1.919191919,13753.0,327,33,000799
000563.SZ,陕国投A,3.19,5.629139073,13737.5,328,33,000563
601766.SH,中国中车,7.52,2.872777018,13736.0,329,17,601766
002722.SZ,物产金轮,13.56,-0.294117647,13630.5,330,33,002722
300399.SZ,天利科技,13.16,-0.529100529,13561.0,331,33,300399
601360.SH,三六零,7.35,1.100412655,13542.0,332,17,601360
000882.SZ,华联股份,1.25,4.166666667,13501.0,333,33,000882
000810.SZ,创维数字,9.34,0,13486.0,334,33,000810
603389.SH,亚振家居,6.6,4.430379747,13476.0,335,17,603389
600019.SH,宝钢股份,6.17,4.753820034,13433.5,336,17,600019
600789.SH,鲁抗医药,7.21,1.836158192,13372.5,337,17,600789
000100.SZ,TCL科技,3.91,1.822916667,13336.5,338,33,000100
301315.SZ,威士顿,36.31,6.762716848,13285.0,339,33,301315
000532.SZ,华金资本,12,3.537532355,13261.5,340,33,000532
600272.SH,开开实业,10.9,2.7332705,13201.0,341,17,600272
002908.SZ,德生科技,8.07,3.727506427,13193.0,342,33,002908
300438.SZ,鹏辉能源,23.45,0.385273973,13074.0,343,33,300438
002892.SZ,科力尔,9.33,1.302931596,13066.0,344,33,002892
600178.SH,东安动力,8.96,-0.994475138,13052.0,345,17,600178
600148.SH,长春一东,15.45,2.794411178,12968.0,346,17,600148
300917.SZ,特发服务,35.45,0.084697911,12907.5,347,33,300917
002929.SZ,润建股份,26.86,4.962876123,12841.5,348,33,002929
601881.SH,中国银河,12.27,1.910299003,12781.5,349,17,601881
300630.SZ,普利制药,8.5,5.985037406,12756.5,350,33,300630
603890.SH,春秋电子,9.29,1.752464403,12704.5,351,17,603890
300496.SZ,中科创达,36.7,1.213458356,12696.5,352,33,300496
001339.SZ,智微智能,30.77,-1.28328521,12693.5,353,33,001339
000519.SZ,中兵红箭,12.45,1.137286759,12590.5,354,33,000519
000958.SZ,电投产融,3.84,6.371191136,12569.5,355,33,000958
301221.SZ,光庭信息,39.37,1.156217883,12555.0,356,33,301221
600276.SH,恒瑞医药,43.84,0.412276683,12522.0,357,17,600276
000506.SZ,*ST中润,1.39,5.303030303,12507.0,358,33,000506
301600.SZ,慧翰股份,49.97,-1.788522013,12494.5,359,33,301600
300287.SZ,飞利信,2.92,1.388888889,12437.0,360,33,300287
000561.SZ,烽火电子,7.2,2.127659574,12403.5,361,33,000561
603496.SH,恒为科技,21.89,-0.0456621,12369.0,362,17,603496
003015.SZ,日久光电,11.48,0.525394046,12329.0,363,33,003015
300277.SZ,海联讯,8.11,4.64516129,12246.5,364,33,300277
000546.SZ,金圆股份,5.2,-1.140684411,12238.5,365,33,000546
300147.SZ,香雪制药,6.53,0,12198.5,366,33,300147
000737.SZ,北方铜业,8.71,-0.797266515,12180.5,367,33,000737
600460.SH,士兰微,18.51,0.325203252,12169.5,368,17,600460
300217.SZ,东方电热,4,6.382978723,12113.0,369,33,300217
600066.SH,宇通客车,24.1,4.646113765,12011.0,370,17,600066
301052.SZ,果麦文化,22.77,8.895265423,11969.5,371,33,301052
000980.SZ,众泰汽车,1.58,1.282051282,11939.5,372,33,000980
600518.SH,康美药业,1.8,2.857142857,11938.5,373,17,600518
000926.SZ,福星股份,2.09,6.091370558,11925.5,374,33,000926
000612.SZ,焦作万方,5.87,4.821428571,11888.0,375,33,000612
300308.SZ,中际旭创,121.99,-0.139161755,11883.0,376,33,300308
002168.SZ,ST惠程,2.23,3.720930233,11863.0,378,33,002168
601988.SH,中国银行,4.9,0,11863.0,377,17,601988
300353.SZ,东土科技,9.33,1.967213115,11851.0,379,33,300353
600682.SH,南京新百,5.76,5.882352941,11818.5,380,17,600682
600650.SH,锦江在线,10.63,1.141769743,11814.5,381,17,600650
002681.SZ,奋达科技,3.9,0.257069409,11793.5,383,33,002681
603799.SH,华友钴业,23.2,1.089324619,11793.5,382,17,603799
002302.SZ,西部建设,5.79,3.20855615,11792.5,384,33,002302
002227.SZ,奥特迅,9.02,2.036199095,11710.5,385,33,002227
300892.SZ,品渥食品,17.38,-6.054054054,11638.0,386,33,300892
600570.SH,恒生电子,17.9,1.994301994,11626.0,387,17,600570
605086.SH,龙高股份,19.95,3.421461897,11622.0,388,17,605086
600436.SH,片仔癀,210.99,2.92195122,11581.0,389,17,600436
000016.SZ,深康佳A,2.87,-1.034482759,11532.5,390,33,000016
600981.SH,汇鸿集团,2,2.040816327,11494.0,391,17,600981
002459.SZ,晶澳科技,10.48,-0.851466414,11480.5,392,33,002459
003005.SZ,竞业达,24.19,2.892386219,11475.0,393,33,003005
603519.SH,立霸股份,10.06,-2.707930368,11407.5,394,17,603519
600221.SH,海航控股,1.1,3.773584906,11369.5,395,17,600221
600000.SH,浦发银行,9.49,4.400440044,11352.5,396,17,600000
300634.SZ,彩讯股份,15.23,5.179558011,11326.0,397,33,300634
300133.SZ,华策影视,5.5,5.162523901,11320.5,398,33,300133
000965.SZ,天保基建,2.99,1.700680272,11299.0,399,33,000965
600133.SH,东湖高新,8.64,0.934579439,11292.0,400,17,600133
601628.SH,中国人寿,38.1,3.532608696,11267.5,401,17,601628
600326.SH,西藏天路,5.46,-1.444043321,11252.5,402,17,600326
300030.SZ,阳普医疗,5.27,4.563492063,11238.0,403,33,300030
000702.SZ,正虹科技,5.11,4.285714286,11203.0,404,33,000702
300773.SZ,拉卡拉,13.2,3.773584906,11101.0,405,33,300773
600309.SH,万华化学,77.72,-1.5704154,11078.5,406,17,600309
002735.SZ,王子新材,8.67,5.218446602,11066.0,407,33,002735
600576.SH,祥源文旅,5.18,0.778210117,11064.0,408,17,600576
000415.SZ,渤海租赁,2.52,5.882352941,11043.0,409,33,000415
601868.SH,中国能建,2.14,2.392344498,11031.0,410,17,601868
600825.SH,新华传媒,4.44,-1.113585746,11025.0,411,17,600825
002848.SZ,高斯贝尔,7.42,3.631284916,10995.5,412,33,002848
603005.SH,晶方科技,18.22,-0.382722799,10995.0,413,17,603005
002418.SZ,康盛股份,2.12,4.433497537,10941.5,414,33,002418
300073.SZ,当升科技,32.11,-0.09334163,10934.5,415,33,300073
603138.SH,海量数据,13.08,4.723779023,10923.5,416,17,603138
002989.SZ,中天精装,19.57,3.874734607,10849.0,417,33,002989
600606.SH,绿地控股,1.56,4,10840.0,418,17,600606
600360.SH,ST华微,3.3,0.609756098,10827.5,419,22,600360
600250.SH,南京商旅,8.21,-0.484848485,10817.0,420,17,600250
300469.SZ,信息发展,14.41,-3.093476799,10784.0,421,33,300469
603171.SH,税友股份,25.28,4.983388704,10779.5,422,17,603171
600963.SH,岳阳林纸,4.43,7.524271845,10769.0,423,17,600963
600569.SH,安阳钢铁,1.59,3.246753247,10760.5,424,17,600569
603536.SH,惠发食品,8.48,-3.085714286,10722.0,425,17,603536
002601.SZ,龙佰集团,17.45,-3.591160221,10702.0,426,33,002601
603958.SH,哈森股份,10.24,3.121852971,10655.5,427,17,603958
600843.SH,上工申贝,7.44,0.540540541,10581.5,428,17,600843
603185.SH,弘元绿能,13.7,3.240391861,10567.5,429,17,603185
002017.SZ,东信和平,9.1,-0.871459695,10550.5,430,33,002017
600696.SH,岩石股份,7.1,-0.976290098,10540.5,431,17,600696
002371.SZ,北方华创,294.7,-0.132163069,10466.0,432,33,002371
603636.SH,南威软件,9,0,10438.5,433,17,603636
002229.SZ,鸿博股份,9.34,0.863930886,10428.5,434,33,002229
603207.SH,小方制药,22.16,1.187214612,10411.5,435,17,603207
603993.SH,洛阳钼业,7.78,1.302083333,10391.0,436,17,603993
600010.SH,包钢股份,1.47,2.083333333,10365.5,437,17,600010
603000.SH,人民网,19.4,1.358411703,10364.5,438,17,603000
300140.SZ,节能环境,5.34,-1.47601476,10327.0,439,33,300140
601901.SH,方正证券,7.41,0.953678474,10283.0,440,17,601901
601600.SH,中国铝业,7.39,1.931034483,10243.0,441,17,601600
000851.SZ,ST高鸿,2.69,5.078125,10221.5,442,33,000851
300256.SZ,星星科技,2.42,0.833333333,10204.0,443,33,300256
600938.SH,中国海油,28.37,1.466380544,10200.0,444,17,600938
600702.SH,舍得酒业,44.98,0.401785714,10159.0,445,17,600702
300050.SZ,世纪鼎利,4.26,2.65060241,10136.0,446,33,300050
300735.SZ,光弘科技,19.12,0.472937467,10121.5,447,33,300735
603383.SH,顶点软件,29.01,-0.514403292,10109.0,448,17,603383
300207.SZ,欣旺达,16.51,2.866043614,10084.5,449,33,300207
600783.SH,鲁信创投,11.35,5.189990732,10068.5,450,17,600783
000021.SZ,深科技,13.62,-0.292825769,10036.5,451,33,000021
000957.SZ,中通客车,9.35,0.754310345,10025.0,452,33,000957
000421.SZ,南京公用,4.95,4.651162791,10018.5,453,33,000421
003816.SZ,中国广核,4.18,-1.182033097,9972.5,454,33,003816
600410.SH,华胜天成,4.45,0,9970.5,455,17,600410
002933.SZ,新兴装备,25.76,4.587900934,9955.0,456,33,002933
600298.SH,安琪酵母,31.8,-3.460837887,9954.0,457,17,600298
600866.SH,星湖科技,5.33,-0.187265918,9927.0,458,17,600866
000987.SZ,越秀资本,5.67,3.65630713,9925.0,459,33,000987
300881.SZ,盛德鑫泰,27.26,-2.29390681,9919.0,460,33,300881
600050.SH,中国联通,4.8,2.127659574,9917.5,461,17,600050
300348.SZ,长亮科技,8.58,3.623188406,9915.0,462,33,300348
002236.SZ,大华股份,14.61,1.528839472,9894.5,464,33,002236
600660.SH,福耀玻璃,52.3,2.108551347,9894.5,463,17,600660
603900.SH,莱绅通灵,5.45,3.415559772,9872.0,465,17,603900
300990.SZ,同飞股份,30.95,1.97693575,9870.0,466,33,300990
002642.SZ,荣联科技,6.14,0.986842105,9867.0,467,33,002642
600703.SH,三安光电,10.24,1.185770751,9849.0,468,17,600703
600537.SH,亿晶光电,2.51,5.462184874,9841.0,469,17,600537
300459.SZ,汤姆猫,3.64,1.675977654,9840.5,470,33,300459
300759.SZ,康龙化成,21.78,1.114206128,9834.5,471,33,300759
301378.SZ,通达海,24.78,3.035343035,9823.5,472,33,301378
300502.SZ,新易盛,104.65,-0.617283951,9817.5,473,33,300502
002520.SZ,日发精机,4.12,0,9798.5,474,33,002520
300139.SZ,晓程科技,12.99,0.386398764,9768.5,475,33,300139
002340.SZ,格林美,5.97,0.674536256,9753.0,476,33,002340
300391.SZ,长药控股,3.92,6.52173913,9749.5,477,33,300391
002797.SZ,第一创业,5.6,1.265822785,9741.0,478,33,002797
300014.SZ,亿纬锂能,33.41,-1.153846154,9739.5,479,33,300014
603316.SH,诚邦股份,4.49,-3.232758621,9727.5,480,17,603316
300615.SZ,欣天科技,10.73,5.61023622,9726.0,481,33,300615
002714.SZ,牧原股份,38.38,0.026062028,9725.0,482,33,002714
002823.SZ,凯中精密,12.35,-0.563607085,9700.0,483,33,002823
300070.SZ,碧水源,3.57,4.692082111,9687.5,484,33,300070
001379.SZ,腾达科技,22.53,1.303956835,9632.0,485,33,001379
600690.SH,海尔智家,28.44,2.671480144,9631.5,486,17,600690
601336.SH,新华保险,37.03,2.633037694,9627.5,487,17,601336
600153.SH,建发股份,8.09,4.387096774,9624.0,488,17,600153
002657.SZ,中科金财,12.45,2.892561983,9619.0,489,33,002657
000338.SZ,潍柴动力,13.13,1.077752117,9610.5,490,33,000338
600343.SH,航天动力,8.65,4.468599034,9608.0,491,17,600343
002184.SZ,海得控制,9.2,0,9581.5,492,33,002184
002343.SZ,慈文传媒,5.57,5.492424242,9557.5,493,33,002343
002624.SZ,完美世界,8.24,-0.961538462,9534.5,494,33,002624
002244.SZ,滨江集团,8.65,-2.808988764,9522.5,495,33,002244
000719.SZ,中原传媒,11.18,4.388422035,9515.0,496,33,000719
603214.SH,爱婴室,13.77,5.598159509,9511.5,497,17,603214
000069.SZ,华侨城A,2.19,4.784688995,9504.5,498,33,000069
605081.SH,太和水,11.5,8.490566038,9501.0,499,17,605081
300274.SZ,阳光电源,77.14,1.167213115,9493.5,500,33,300274
000521.SZ,长虹美菱,9.33,-1.789473684,9473.5,501,33,000521
300419.SZ,浩丰科技,5.3,5.577689243,9466.0,502,33,300419
002716.SZ,湖南白银,3.17,6.02006689,9457.0,503,33,002716
601166.SH,兴业银行,17.6,2.444703143,9442.5,504,17,601166
300369.SZ,绿盟科技,6.08,-0.490998363,9434.0,505,33,300369
600510.SH,黑牡丹,3.97,5.305039788,9426.0,506,17,600510
300045.SZ,华力创通,16.81,2.12636695,9425.0,507,33,300045
300510.SZ,金冠股份,3.89,0.777202073,9410.0,508,33,300510
600280.SH,中央商场,2.77,0,9390.0,509,17,600280
000829.SZ,天音控股,9.07,1.56774916,9387.5,510,33,000829
600109.SH,国金证券,7.86,3.421052632,9387.0,511,17,600109
000705.SZ,浙江震元,7.53,0.266311585,9378.5,512,33,000705
002148.SZ,北纬科技,4.95,0.20242915,9368.5,513,33,002148
601179.SH,中国西电,7.45,2.900552486,9366.0,514,17,601179
600809.SH,山西汾酒,164.45,-0.363526204,9333.5,515,17,600809
600545.SH,卓郎智能,1.58,2.597402597,9273.5,516,17,600545
600941.SH,中国移动,103.9,-0.278337652,9268.5,517,17,600941
002050.SZ,三花智控,18.71,0.916936354,9241.0,518,33,002050
300027.SZ,华谊兄弟,2.11,3.431372549,9210.5,519,33,300027
002384.SZ,东山精密,20.39,-1.924001924,9207.5,520,33,002384
600111.SH,北方稀土,17.12,0.587544066,9183.5,521,17,600111
601456.SH,国联证券,10.26,1.483679525,9181.5,522,17,601456
688981.SH,中芯国际,44.9,0.290373018,9163.0,523,17,688981
000783.SZ,长江证券,5.42,3.041825095,9156.5,524,33,000783
000839.SZ,中信国安,2.48,-2.362204724,9143.5,525,33,000839
301578.SZ,辰奕智能,42.46,5.49068323,9142.5,526,33,301578
002819.SZ,东方中科,24.43,-1.292929293,9136.5,527,33,002819
002049.SZ,紫光国微,48.54,1.889168766,9114.0,528,33,002049
600905.SH,三峡能源,4.29,1.90023753,9097.5,529,17,600905
000034.SZ,神州数码,25.03,-0.595710882,9082.0,530,33,000034
601618.SH,中国中冶,2.87,3.610108303,9068.0,531,17,601618
300542.SZ,新晨科技,12.84,4.645476773,9066.0,532,33,300542
002673.SZ,西部证券,6.86,1.931649331,9055.5,533,33,002673
002246.SZ,北化股份,8.99,1.927437642,9033.5,534,33,002246
301337.SZ,亚华电子,27.77,5.388994307,8979.5,535,33,301337
300476.SZ,胜宏科技,29.12,-1.688048616,8977.5,536,33,300476
600358.SH,国旅联合,3.33,3.095975232,8949.5,537,17,600358
600106.SH,重庆路桥,4.66,-2.916666667,8936.5,538,17,600106
002277.SZ,友阿股份,2.45,6.52173913,8916.5,539,33,002277
300337.SZ,银邦股份,8.07,3.461538462,8893.0,540,33,300337
000820.SZ,神雾节能,2.81,2.181818182,8860.5,541,33,000820
601939.SH,建设银行,7.74,0.78125,8860.0,542,17,601939
605289.SH,罗曼股份,23.02,5.887764489,8852.0,543,17,605289
002313.SZ,日海智能,6.67,1.367781155,8836.0,544,33,002313
000538.SZ,云南白药,52.7,2.013162989,8834.5,545,33,000538
000661.SZ,长春高新,84.61,1.633633634,8825.5,546,33,000661
000721.SZ,西安饮食,6.93,1.315789474,8821.0,547,33,000721
603016.SH,新宏泰,18.63,1.581243184,8813.5,548,17,603016
000955.SZ,欣龙控股,3.63,3.714285714,8812.5,549,33,000955
002512.SZ,达华智能,3.57,0.847457627,8807.0,550,33,002512
000850.SZ,华茂股份,3.69,2.216066482,8806.5,551,33,000850
300608.SZ,思特奇,10.1,2.123356926,8788.0,552,33,300608
601519.SH,大智慧,6.46,2.866242038,8721.0,553,17,601519
000888.SZ,峨眉山A,12.06,2.72572402,8682.0,554,33,000888
601788.SH,光大证券,15.61,1.826484018,8669.5,555,17,601788
002008.SZ,大族激光,19.42,-0.102880658,8654.0,556,33,002008
002709.SZ,天赐材料,14.32,0.561797753,8653.5,557,33,002709
600463.SH,空港股份,9.85,0.101626016,8612.5,558,17,600463
603920.SH,世运电路,20.76,-2.351834431,8612.0,559,17,603920
603806.SH,福斯特,14.06,-2.766251729,8600.5,560,17,603806
002514.SZ,宝馨科技,4.46,0.224719101,8585.0,561,33,002514
300063.SZ,天龙集团,4.47,3.953488372,8584.5,562,33,300063
002338.SZ,奥普光电,27.3,0.924214418,8580.5,563,33,002338
600547.SH,山东黄金,27.69,2.593553168,8545.0,564,17,600547
300182.SZ,捷成股份,4.28,3.13253012,8536.5,565,33,300182
003026.SZ,中晶科技,29.51,0.545144804,8534.5,566,33,003026
600916.SH,中国黄金,8.18,1.488833747,8533.0,567,17,600916
300709.SZ,精研科技,30.11,1.414617716,8528.0,568,33,300709
002240.SZ,盛新锂能,12.3,2.928870293,8501.5,569,33,002240
600192.SH,长城电工,5.13,-0.965250965,8474.0,570,17,600192
001227.SZ,兰州银行,2.29,4.090909091,8428.5,571,33,001227
601216.SH,君正集团,3.96,3.394255875,8419.5,572,17,601216
002602.SZ,世纪华通,3.43,2.694610778,8418.5,573,33,002602
300616.SZ,尚品宅配,11.11,7.86407767,8401.0,574,33,300616
002027.SZ,分众传媒,5.86,-0.340136054,8366.5,575,33,002027
002079.SZ,苏州固锝,8.21,-0.36407767,8350.0,576,33,002079
002622.SZ,皓宸医疗,1.74,4.819277108,8328.0,577,33,002622
600438.SH,通威股份,18.34,0.880088009,8312.0,578,17,600438
002761.SZ,浙江建投,7.82,0.385109114,8295.5,579,33,002761
601319.SH,中国人保,6.4,1.105845182,8242.0,580,17,601319
605218.SH,伟时电子,18.31,1.328168235,8209.0,581,17,605218
002777.SZ,久远银海,13.89,-0.856531049,8201.0,582,33,002777
300711.SZ,广哈通信,16.35,1.113172542,8198.5,583,33,300711
601088.SH,中国神华,41.78,1.45701797,8180.0,584,17,601088
301091.SZ,深城交,29.12,-0.783645656,8175.5,585,33,301091
000543.SZ,皖能电力,7.7,-5.289052891,8168.5,586,33,000543
000776.SZ,广发证券,13.33,2.617397998,8162.0,587,33,000776
300344.SZ,立方数科,3.66,5.475504323,8148.0,588,33,300344
002177.SZ,御银股份,3.68,2.222222222,8144.0,589,33,002177
600770.SH,综艺股份,2.71,2.264150943,8130.0,590,17,600770
603288.SH,海天味业,38.6,0.730688935,8125.0,591,17,603288
002306.SZ,中科云网,2.67,0.37593985,8089.0,592,33,002306
000816.SZ,智慧农业,1.98,0.507614213,8078.5,593,33,000816
605398.SH,新炬网络,17.47,2.343292326,8073.0,594,17,605398
300493.SZ,润欣科技,9.79,6.182212581,8046.0,595,33,300493
002654.SZ,万润科技,9.34,-0.532481363,8034.5,596,33,002654
605358.SH,立昂微,19.57,0.87628866,8019.0,597,17,605358
300231.SZ,银信科技,8.39,-1.061320755,8003.0,598,33,300231
603206.SH,嘉环科技,13.61,3.106060606,7981.5,599,17,603206
002368.SZ,太极股份,16.26,1.943573668,7932.5,600,33,002368
603906.SH,龙蟠科技,7.51,1.076716016,7929.0,601,17,603906
601633.SH,长城汽车,24.76,1.893004115,7919.5,602,17,601633
002432.SZ,九安医疗,42.16,2.479338843,7915.5,603,33,002432
300797.SZ,钢研纳克,10.69,4.089581305,7902.5,604,33,300797
002388.SZ,新亚制程,3.98,0.759493671,7880.5,605,33,002388
300394.SZ,天孚通信,78.65,-1.944894652,7875.0,606,33,300394
002202.SZ,金风科技,8.57,1.781472684,7860.0,607,33,002202
600711.SH,ST盛屯,3.79,1.336898396,7844.5,608,22,600711
300250.SZ,初灵信息,13.1,1.314771848,7840.5,609,33,300250
002889.SZ,东方嘉盛,17.02,0.176574456,7822.0,610,33,002889
002587.SZ,奥拓电子,5.66,3.284671533,7798.0,611,33,002587
600101.SH,明星电力,7.46,-0.267379679,7759.5,612,17,600101
839719.BJ,宁新新材,8.3,9.64332893,7756.0,613,151,839719
300624.SZ,万兴科技,42.68,3.869554636,7740.0,614,33,300624
603118.SH,共进股份,7,1.302460203,7722.5,615,17,603118
600379.SH,宝光股份,9.01,-1.422319475,7706.0,616,17,600379
600193.SH,创兴资源,2.48,2.057613169,7705.5,617,17,600193
600016.SH,民生银行,3.65,2.240896359,7698.5,618,17,600016
600958.SH,东方证券,9.05,0.332594235,7686.0,619,17,600958
600859.SH,王府井,12.98,1.564945227,7676.5,620,17,600859
002513.SZ,蓝丰生化,3.86,0,7657.5,621,33,002513
001287.SZ,中电港,16.25,0.370599135,7651.5,622,33,001287
601995.SH,中金公司,30.97,1.540983607,7641.0,623,17,601995
300667.SZ,必创科技,15.59,4.701141706,7633.5,624,33,300667
002304.SZ,洋河股份,77.98,1.272727273,7618.5,625,33,002304
600089.SH,特变电工,12.72,2.333065165,7613.0,626,17,600089
002812.SZ,恩捷股份,26.95,1.049868766,7600.5,627,33,002812
600028.SH,中国石化,6.72,-0.591715976,7581.0,628,17,600028
300098.SZ,高新兴,3.88,1.305483029,7565.5,629,33,300098
002400.SZ,省广集团,4.89,1.242236025,7562.0,630,33,002400
688318.SH,财富趋势,100.66,-1.986368062,7561.0,631,17,688318
603306.SH,华懋科技,18.18,-0.164744646,7549.0,632,17,603306
300674.SZ,宇信科技,12.11,3.948497854,7535.0,633,33,300674
301551.SZ,无线传媒,,,7532.5,634,33,301551
600516.SH,方大炭素,4.28,2.884615385,7520.5,635,17,600516
300341.SZ,麦克奥迪,10.1,2.746693795,7520.0,636,33,300341
600336.SH,澳柯玛,5.45,0.553505535,7508.5,637,17,600336
000630.SZ,铜陵有色,3.28,0,7491.5,638,33,000630
000068.SZ,华控赛格,3.23,1.253918495,7462.5,639,33,000068
000620.SZ,新华联,1.48,2.068965517,7442.0,640,33,000620
300077.SZ,国民技术,10.21,-0.680933852,7439.5,641,33,300077
000547.SZ,航天发展,6.54,2.1875,7437.5,642,33,000547
600340.SH,华夏幸福,1.13,2.727272727,7420.5,643,17,600340
300188.SZ,国投智能,11.67,-0.341588386,7418.0,644,33,300188
600716.SH,凤凰股份,2.91,2.464788732,7414.5,645,17,600716
000697.SZ,炼石航空,6.23,0.972447326,7399.5,646,33,000697
300065.SZ,海兰信,7.07,5.997001499,7394.0,647,33,300065
002938.SZ,鹏鼎控股,31.99,-2.942961165,7393.0,648,33,002938
600622.SH,光大嘉宝,2.01,3.076923077,7387.0,649,17,600622
002977.SZ,天箭科技,26.26,6.315789474,7349.0,650,33,002977
300647.SZ,超频三,5.38,3.66088632,7347.5,651,33,300647
601728.SH,中国电信,6.19,-0.96,7344.5,652,17,601728
002160.SZ,常铝股份,3.29,3.459119497,7323.5,653,33,002160
603533.SH,掌阅科技,16.75,3.972687772,7314.5,654,17,603533
600208.SH,衢州发展,1.99,4.736842105,7311.0,655,17,600208
600079.SH,人福医药,18.02,5.565319274,7303.5,656,17,600079
603990.SH,麦迪科技,8.84,-1.118568233,7302.5,657,17,603990
001296.SZ,长江材料,15.23,0.197368421,7301.0,658,33,001296
002176.SZ,江特电机,6.92,1.764705882,7289.0,659,33,002176
000017.SZ,深中华A,5.7,3.636363636,7276.0,660,33,000017
002281.SZ,光迅科技,28.13,0.464285714,7274.0,661,33,002281
600104.SH,上汽集团,12.56,2.698282911,7273.0,662,17,600104
301571.SZ,国科天成,34.83,0.57753393,7269.0,663,33,301571
300006.SZ,莱美药业,2.97,6.451612903,7268.0,664,33,300006
601006.SH,大秦铁路,6.38,2.08,7259.0,665,17,601006
002305.SZ,南国置业,1.7,0.591715976,7251.0,666,33,002305
603335.SH,迪生力,4.41,-1.121076233,7246.0,667,17,603335
300328.SZ,宜安科技,5.56,-0.53667263,7235.0,668,33,300328
600621.SH,华鑫股份,13.52,1.425356339,7229.0,669,17,600621
300331.SZ,苏大维格,17.18,3.307276007,7228.5,670,33,300331
002649.SZ,博彦科技,8.99,-0.111111111,7222.0,671,33,002649
603068.SH,博通集成,20.1,1.463907118,7179.0,672,17,603068
600085.SH,同仁堂,33.41,1.611922141,7170.5,673,17,600085
002869.SZ,金溢科技,23.39,-0.425713069,7155.0,674,33,002869
002178.SZ,延华智能,3.7,0,7141.5,675,33,002178
001319.SZ,铭科精技,18.59,-0.481798715,7138.5,676,33,001319
600114.SH,东睦股份,13.8,-2.473498233,7130.0,677,17,600114
000656.SZ,*ST金科,1.22,0,7080.5,678,33,000656
002104.SZ,恒宝股份,5.83,1.039861352,7063.5,679,33,002104
600120.SH,浙江东方,3.84,3.504043127,7057.5,680,17,600120
002284.SZ,亚太股份,7.31,1.106500692,7038.0,681,33,002284
000659.SZ,珠海中富,2.54,6.276150628,7037.0,682,33,000659
002528.SZ,ST英飞拓,2.36,3.50877193,7031.0,684,33,002528
300322.SZ,硕贝德,9.74,1.564129301,7031.0,683,33,300322
603369.SH,今世缘,39,-2.0592667,7028.0,685,17,603369
600155.SH,华创云信,6.61,2.959501558,7021.0,686,17,600155
300905.SZ,宝丽迪,24.68,-1.082164329,7011.0,687,33,300905
600006.SH,东风股份,6.06,-0.164744646,7006.0,688,17,600006
300183.SZ,东软载波,13.85,-1.563610519,7004.0,689,33,300183
601555.SH,东吴证券,6.74,3.374233129,7003.5,690,17,601555
002298.SZ,中电兴发,4.09,0.245098039,7001.5,691,33,002298
603359.SH,东珠生态,3.73,5.367231638,6986.0,692,17,603359
300765.SZ,新诺威,24.2,8.520179372,6968.0,693,33,300765
600355.SH,精伦电子,3.33,0.301204819,6951.5,694,17,600355
300570.SZ,太辰光,29.99,4.313043478,6939.0,695,33,300570
300859.SZ,西域旅游,29.56,1.336990058,6920.0,696,33,300859
600585.SH,海螺水泥,21.51,2.869440459,6911.0,697,17,600585
301311.SZ,昆船智能,17.27,3.537170264,6909.5,698,33,301311
002387.SZ,维信诺,6.3,2.106969206,6901.5,699,33,002387
301090.SZ,华润材料,6.61,-1.928783383,6889.0,700,33,301090
301520.SZ,万邦医药,39.45,5.312333155,6888.0,701,33,301520
600522.SH,中天科技,13.19,0.533536585,6877.5,702,17,600522
000058.SZ,深赛格,6.28,0.159489633,6876.0,703,33,000058
000831.SZ,中国稀土,23.02,-0.043421624,6873.5,704,33,000831
002597.SZ,金禾实业,21.86,-4.206836109,6859.5,705,33,002597
300456.SZ,赛微电子,14.88,-0.268096515,6856.5,706,33,300456
603960.SH,克来机电,17.6,1.149425287,6843.0,707,17,603960
002558.SZ,巨人网络,9.79,1.450777202,6814.0,708,33,002558
002077.SZ,大港股份,11.37,1.066666667,6812.0,709,33,002077
002075.SZ,沙钢股份,4.87,0.205761317,6809.5,710,33,002075
002142.SZ,宁波银行,21.17,0.617870722,6788.5,711,33,002142
300088.SZ,长信科技,4.82,0.207900208,6778.5,712,33,300088
300343.SZ,联创股份,4.37,4.295942721,6775.0,713,33,300343
600439.SH,瑞贝卡,2.48,2.904564315,6771.5,714,17,600439
600763.SH,通策医疗,45.03,-0.793126239,6744.0,715,17,600763
002922.SZ,伊戈尔,19.19,-1.235203294,6730.5,716,33,002922
600610.SH,中毅达,3.94,0.254452926,6717.0,717,17,600610
600803.SH,新奥股份,18.43,-4.507772021,6715.0,718,17,600803
300212.SZ,易华录,16.44,3.461296413,6710.5,719,33,300212
301036.SZ,双乐股份,30.81,1.149047932,6703.5,720,33,301036
002285.SZ,世联行,2.01,0,6698.5,721,33,002285
300531.SZ,优博讯,11.75,3.615520282,6694.5,722,33,300531
600992.SH,贵绳股份,14.76,-0.135317997,6688.0,723,17,600992
002605.SZ,姚记科技,21.05,4.41468254,6679.5,724,33,002605
000504.SZ,南华生物,7.4,4.815864023,6662.0,725,33,000504
002990.SZ,盛视科技,20.12,-1.324178519,6636.0,726,33,002990
002457.SZ,青龙管业,8.2,0.985221675,6628.5,728,33,002457
300210.SZ,森远股份,8.41,4.213135068,6628.5,727,33,300210
600855.SH,航天长峰,9.7,3.191489362,6618.5,729,17,600855
300159.SZ,新研股份,2.38,3.47826087,6617.5,730,33,300159
601601.SH,中国太保,32.48,-0.884955752,6614.5,731,17,601601
600435.SH,北方导航,9.3,2.762430939,6599.0,732,17,600435
300792.SZ,壹网壹创,16.96,5.735660848,6583.5,733,33,300792
601328.SH,交通银行,7.21,1.122019635,6579.0,734,17,601328
002352.SZ,顺丰控股,38.55,0.784313725,6578.0,735,33,002352
600737.SH,中粮糖业,8.97,0.33557047,6572.0,736,17,600737
600188.SH,兖矿能源,14.67,0.548320768,6564.0,737,17,600188
002875.SZ,安奈儿,13.18,-2.152932442,6558.0,738,33,002875
000505.SZ,京粮控股,5.91,0.510204082,6555.5,739,33,000505
601615.SH,明阳智能,8.75,2.820211516,6546.0,740,17,601615
300927.SZ,江天化学,16.32,3.225806452,6543.0,741,33,300927
002939.SZ,长城证券,7.31,0.827586207,6533.0,742,33,002939
603178.SH,圣龙股份,19.3,0.783289817,6532.0,743,17,603178
000933.SZ,神火股份,16.12,0.124223602,6518.5,744,33,000933
600877.SH,电科芯片,11.12,0.090009001,6516.5,745,17,600877
002517.SZ,恺英网络,9.58,-0.312174818,6512.5,746,33,002517
300763.SZ,锦浪科技,59.49,-1.912613355,6505.0,747,33,300763
600082.SH,海泰发展,2.41,-0.41322314,6492.5,748,17,600082
000166.SZ,申万宏源,4.65,2.876106195,6490.0,749,33,000166
002164.SZ,宁波东力,4.2,5.263157895,6486.0,750,33,002164
002195.SZ,岩山科技,2.39,2.575107296,6483.5,751,33,002195
001314.SZ,亿道信息,37.1,0.870038064,6476.5,752,33,001314
601005.SH,重庆钢铁,1.12,0.900900901,6472.0,753,17,601005
600999.SH,招商证券,15.98,1.139240506,6459.5,754,17,600999
301297.SZ,富乐德,20.82,-0.143884892,6447.5,755,33,301297
002407.SZ,多氟多,10.08,0.8,6437.5,756,33,002407
600237.SH,铜峰电子,5.12,0.392156863,6428.0,757,17,600237
300760.SZ,迈瑞医疗,235.85,1.210144617,6425.5,758,33,300760
300124.SZ,汇川技术,48.01,2.127206977,6413.0,759,33,300124
603108.SH,润达医疗,14.27,2.220630372,6408.0,760,17,603108
002303.SZ,美盈森,2.86,5.925925926,6401.5,761,33,002303
600988.SH,赤峰黄金,18.83,0.31965903,6396.5,762,17,600988
601921.SH,浙版传媒,8.03,2.162849873,6385.0,763,17,601921
603028.SH,赛福天,6.25,3.476821192,6375.0,764,17,603028
002689.SZ,远大智能,2.79,0.35971223,6371.5,765,33,002689
300635.SZ,中达安,9.24,1.094091904,6367.5,766,33,300635
600601.SH,方正科技,2.82,1.805054152,6351.0,767,17,600601
002529.SZ,海源复材,6.14,-0.324675325,6345.5,768,33,002529
300128.SZ,锦富技术,3.58,6.547619048,6341.0,769,33,300128
603486.SH,科沃斯,41.4,-2.565309485,6339.0,770,17,603486
002185.SZ,华天科技,7.73,0.520156047,6337.0,771,33,002185
000524.SZ,岭南控股,8.85,2.312138728,6327.0,772,33,000524
603220.SH,中贝通信,18.72,0.807754443,6314.0,773,17,603220
002354.SZ,天娱数科,2.81,2.93040293,6298.0,774,33,002354
300136.SZ,信维通信,18.27,-0.652528548,6281.0,775,33,300136
601698.SH,中国卫通,14.85,0.270087779,6267.0,776,17,601698
603032.SH,德新科技,14.64,1.59611381,6258.5,777,17,603032
300125.SZ,ST聆达,5.03,2.653061224,6241.5,778,33,300125
002269.SZ,美邦服饰,1.4,1.449275362,6236.0,779,33,002269
600657.SH,信达地产,3.43,2.694610778,6221.5,780,17,600657
000428.SZ,华天酒店,3.15,4.651162791,6218.5,781,33,000428
605178.SH,时空科技,15.36,1.386138614,6209.0,782,17,605178
600362.SH,江西铜业,20.97,1.353310778,6208.5,783,17,600362
000514.SZ,渝开发,3.7,0.543478261,6203.5,784,33,000514
002292.SZ,奥飞娱乐,5.63,2.363636364,6193.0,785,33,002292
601727.SH,上海电气,3.96,2.590673575,6189.5,786,17,601727
002902.SZ,铭普光磁,17.94,1.873935264,6182.5,787,33,002902
601211.SH,国泰君安,14.7,0,6181.5,788,17,601211
300433.SZ,蓝思科技,16.22,0.99626401,6181.0,789,33,300433
002428.SZ,云南锗业,11.53,-0.345721694,6163.0,790,33,002428
002370.SZ,亚太药业,2.87,3.985507246,6147.0,791,33,002370
002827.SZ,高争民爆,25.9,-1.856763926,6146.5,792,33,002827
300347.SZ,泰格医药,53.4,3.911266783,6143.0,793,33,300347
601059.SH,信达证券,13.59,0.965824666,6140.5,794,17,601059
300999.SZ,金龙鱼,26.17,0.0382263,6136.0,795,33,300999
002439.SZ,启明星辰,13.72,0.292397661,6133.0,796,33,002439
300197.SZ,节能铁汉,1.49,2.054794521,6132.5,797,33,300197
002634.SZ,棒杰股份,3.1,1.973684211,6109.0,798,33,002634
601860.SH,紫金银行,2.61,4.4,6086.5,799,17,601860
002958.SZ,青农商行,2.62,4.8,6080.5,800,33,002958
600406.SH,国电南瑞,26.47,3.036200856,6071.0,801,17,600406
300346.SZ,南大光电,27.4,0.036509675,6069.0,802,33,300346
000792.SZ,盐湖股份,15.46,1.111837802,6053.5,804,33,000792
301208.SZ,中亦科技,28.94,3.46800143,6053.5,803,33,301208
002983.SZ,芯瑞达,17.79,1.657142857,6037.5,805,33,002983
300058.SZ,蓝色光标,5.55,1.092896175,6028.5,806,33,300058
600196.SH,复星医药,23.21,1.442307692,6022.5,807,17,600196
300793.SZ,佳禾智能,12.85,4.132901135,6013.0,808,33,300793
000066.SZ,中国长城,8.74,1.274623407,6000.5,809,33,000066
600159.SH,大龙地产,2.43,0,5997.5,810,17,600159
301607.SZ,富特科技,31.92,-0.961836798,5993.5,811,33,301607
600231.SH,凌钢股份,1.66,1.840490798,5991.5,812,17,600231
600088.SH,中视传媒,14.64,3.756201276,5985.0,813,17,600088
300324.SZ,旋极信息,2.43,1.25,5975.0,814,33,300324
603728.SH,鸣志电器,37.29,-1.842590155,5974.0,815,17,603728
002606.SZ,大连电瓷,8.84,2.433371958,5960.0,816,33,002606
600523.SH,贵航股份,11.01,0.181983621,5950.0,817,17,600523
600081.SH,东风科技,9.3,0.540540541,5931.5,818,17,600081
603300.SH,华铁应急,4.58,2.69058296,5916.5,819,17,603300
002603.SZ,以岭药业,15.4,1.583113456,5913.0,820,33,002603
601117.SH,中国化学,7.1,3.347889374,5909.5,821,17,601117
000623.SZ,吉林敖东,14.13,3.289473684,5878.5,822,33,000623
605117.SH,德业股份,84.19,-0.801225404,5877.0,823,17,605117
001206.SZ,依依股份,12.91,0.46692607,5862.5,824,33,001206
300166.SZ,东方国信,6.76,0.296735905,5861.5,825,33,300166
002885.SZ,京泉华,11.4,1.513802315,5853.0,826,33,002885
002426.SZ,胜利精密,1.76,0.571428571,5852.0,827,33,002426
002436.SZ,兴森科技,8.65,1.169590643,5847.0,828,33,002436
002792.SZ,通宇通讯,11.12,0.907441016,5840.0,829,33,002792
601375.SH,中原证券,3.79,2.432432432,5839.0,830,17,601375
601233.SH,桐昆股份,11.12,1.924839597,5826.0,831,17,601233
600372.SH,中航机载,11.16,1.824817518,5821.0,832,17,600372
002570.SZ,贝因美,2.81,4.460966543,5808.5,833,33,002570
002687.SZ,乔治白,4.11,-1.674641148,5808.0,834,33,002687
600415.SH,小商品城,8.88,1.369863014,5783.5,835,17,600415
300442.SZ,润泽科技,25.15,3.711340206,5768.0,836,33,300442
300368.SZ,ST汇金,2.79,4.887218045,5755.0,837,33,300368
000779.SZ,甘咨询,7.26,1.823281907,5753.0,838,33,000779
002703.SZ,浙江世宝,10.78,0.465983225,5742.0,839,33,002703
002865.SZ,钧达股份,36.97,-0.911283838,5739.5,840,33,002865
002829.SZ,星网宇达,16.72,0.966183575,5738.5,841,33,002829
000670.SZ,盈方微,4.66,0.865800866,5733.0,842,33,000670
600487.SH,亨通光电,14.67,-0.407331976,5726.5,843,17,600487
300637.SZ,扬帆新材,9.1,4.238258877,5722.0,844,33,300637
000400.SZ,许继电气,31.64,3.263707572,5721.0,845,33,000400
601066.SH,中信建投,21.03,0.52581262,5716.0,846,17,601066
603191.SH,望变电气,11.91,-0.584307179,5704.0,847,17,603191
600369.SH,西南证券,3.94,3.412073491,5700.5,848,17,600369
600635.SH,大众公用,3.06,2.684563758,5700.0,849,17,600635
300314.SZ,戴维医疗,10.98,7.331378299,5691.0,850,33,300314
300541.SZ,先进数通,9.32,2.081051479,5690.0,851,33,300541
601198.SH,东兴证券,8.79,1.972157773,5684.0,852,17,601198
002762.SZ,金发拉比,5.79,3.392857143,5683.0,853,33,002762
600893.SH,航发动力,36.26,2.719546742,5681.0,854,17,600893
600449.SH,宁夏建材,11.2,0.268576544,5672.0,855,17,600449
600927.SH,永安期货,13.3,2.465331279,5642.5,856,17,600927
600165.SH,*ST宁科,2.09,5.025125628,5636.0,857,22,600165
002611.SZ,东方精工,5.41,0.744878957,5630.5,858,33,002611
600189.SH,泉阳泉,7.8,4.979811575,5626.5,859,17,600189
000759.SZ,中百集团,3.49,2.346041056,5620.0,860,33,000759
605011.SH,杭州热电,20.12,-0.396039604,5618.0,861,17,605011
600345.SH,长江通信,16.19,0.185643564,5615.0,862,17,600345
000422.SZ,湖北宜化,11.76,-1.176470588,5611.0,863,33,000422
300011.SZ,鼎汉技术,6.39,-0.46728972,5597.5,864,33,300011
600779.SH,水井坊,34.5,-2.072097644,5593.5,865,17,600779
000050.SZ,深天马A,6.73,3.062787136,5583.0,866,33,000050
603027.SH,千禾味业,10.83,-1.27620784,5578.0,867,17,603027
603051.SH,鹿山新材,26.24,2.5,5575.0,868,17,603051
002916.SZ,深南电路,90.7,-0.971721804,5574.5,869,33,002916
002596.SZ,海南瑞泽,1.87,2.747252747,5572.5,870,33,002596
600498.SH,烽火通信,14.83,-0.336021505,5571.0,871,17,600498
002685.SZ,华东重机,3.29,1.857585139,5569.0,872,33,002685
003032.SZ,传智教育,8.78,1.502890173,5561.0,873,33,003032
600704.SH,物产中大,4.44,3.016241299,5558.5,874,17,600704
000791.SZ,甘肃能源,5.85,1.03626943,5553.5,875,33,000791
300875.SZ,捷强装备,24.68,2.833333333,5547.0,876,33,300875
600864.SH,哈投股份,5.17,2.579365079,5546.0,877,17,600864
600858.SH,银座股份,4.21,0.238095238,5545.0,878,17,600858
300280.SZ,紫天科技,13.25,5.158730159,5539.5,879,33,300280
000584.SZ,*ST工智,2.21,5.238095238,5526.0,880,33,000584
603598.SH,引力传媒,12.49,2.37704918,5525.0,881,17,603598
300645.SZ,正元智慧,13.27,3.188180404,5521.5,882,33,300645
300518.SZ,新迅达,9.21,5.740528129,5520.5,883,33,300518
300079.SZ,数码视讯,4.46,2.528735632,5500.0,884,33,300079
300691.SZ,联合光电,16.39,-1.620648259,5493.0,885,33,300691
300264.SZ,佳创视讯,4.67,4.241071429,5491.0,886,33,300264
300894.SZ,火星人,12.2,-1.850362027,5489.5,887,33,300894
600105.SH,永鼎股份,3.76,-0.791556728,5484.5,888,17,600105
601966.SH,玲珑轮胎,17.15,0.409836066,5479.0,889,17,601966
002207.SZ,准油股份,4.96,-0.998003992,5473.0,890,33,002207
000988.SZ,华工科技,29.69,0.067408156,5452.5,891,33,000988
002166.SZ,莱茵生物,7.14,0.99009901,5451.0,893,33,002166
601108.SH,财通证券,7.02,2.034883721,5451.0,892,17,601108
002155.SZ,湖南黄金,16.01,0.376175549,5446.5,894,33,002155
603580.SH,艾艾精工,18.06,0.556792873,5444.5,895,17,603580
300378.SZ,鼎捷数智,17.55,-0.284090909,5441.5,896,33,300378
300807.SZ,天迈科技,27.3,3.36993563,5433.5,898,33,300807
601020.SH,华钰矿业,11.01,0.181983621,5433.5,897,17,601020
000040.SZ,ST旭蓝,1.25,3.305785124,5417.5,899,33,000040
002632.SZ,道明光学,7.02,-0.707213579,5408.5,900,33,002632
300458.SZ,全志科技,20.87,0.047938639,4884.0,994,33,300458
002970.SZ,锐明技术,30.37,-2.472703918,4883.5,995,33,002970
301308.SZ,江波龙,64.6,-0.569493612,4880.5,996,33,301308
300426.SZ,唐德影视,7.79,5.842391304,4870.5,998,33,300426
000860.SZ,顺鑫农业,15.2,0.065832785,4861.5,1000,33,000860
002582.SZ,好想你,4.99,1.21703854,4853.0,1001,33,002582
002668.SZ,TCL智家,9.69,0.310559006,4851.5,1002,33,002668
002713.SZ,东易日盛,2.65,3.515625,4843.0,1003,33,002713
000963.SZ,华东医药,29.66,2.986111111,4842.5,1004,33,000963
301017.SZ,漱玉平民,10.09,1.509054326,4832.5,1005,33,301017
300460.SZ,惠伦晶体,9.87,2.173913043,4831.0,1006,33,300460
600645.SH,中源协和,18.42,-0.432432432,4827.5,1007,17,600645
002455.SZ,百川股份,6.98,1.15942029,4826.5,1008,33,002455
301171.SZ,易点天下,13.82,3.443113772,4825.0,1009,33,301171
000006.SZ,深振业A,4.38,-0.227790433,4802.5,1010,33,000006
002045.SZ,国光电器,11.47,1.14638448,4794.0,1012,33,002045
002741.SZ,光华科技,12.11,5.949256343,4790.0,1014,33,002741
600015.SH,华夏银行,6.95,3.576751118,4790.0,1013,17,600015
300170.SZ,汉得信息,6.78,-0.586510264,4789.5,1015,33,300170
002559.SZ,亚威股份,7.22,0.417246175,4789.0,1016,33,002559
601118.SH,海南橡胶,5.21,0.968992248,4787.5,1017,17,601118
000921.SZ,海信家电,28.1,0,4779.0,1018,33,000921
300229.SZ,拓尔思,12.3,0.081366965,4757.5,1020,33,300229
600227.SH,赤天化,1.71,3.012048193,4756.5,1021,17,600227
300782.SZ,卓胜微,64.31,1.451333018,4752.5,1022,33,300782
003043.SZ,华亚智能,40.35,-0.321146245,4739.0,1023,33,003043
002843.SZ,泰嘉股份,12.72,2.912621359,4731.5,1024,33,002843
600804.SH,*ST鹏博,1.53,4.794520548,4730.5,1025,22,600804
600699.SH,均胜电子,14.39,-0.690131125,4726.5,1026,17,600699
300786.SZ,国林科技,11.15,1.179673321,4719.0,1027,33,300786
600756.SH,浪潮软件,11.04,1.470588235,4715.0,1028,17,600756
002800.SZ,天顺股份,10.11,3.586065574,4709.5,1029,33,002800
600199.SH,金种子酒,10.98,-1.081081081,4702.0,1030,17,600199
300017.SZ,网宿科技,7.1,0.995732575,4697.0,1031,33,300017
000915.SZ,华特达因,28.75,6.87732342,4690.0,1033,33,000915
300237.SZ,美晨科技,1.43,4.379562044,4688.5,1034,33,300237
300260.SZ,新莱应材,18.22,-0.654307525,4681.5,1036,33,300260
600739.SH,辽宁成大,9.07,5.342624855,4676.5,1037,17,600739
600222.SH,太龙药业,4.68,1.739130435,4666.0,1038,17,600222
300053.SZ,航宇微,9.74,1.670146138,4653.5,1040,33,300053
000895.SZ,双汇发展,23.85,-0.29264214,4649.0,1042,33,000895
002672.SZ,东江环保,3.73,-0.533333333,4648.0,1043,33,002672
600678.SH,四川金顶,5.15,0,4647.5,1044,17,600678
300114.SZ,中航电测,41.62,1.909892262,4646.5,1045,33,300114
300255.SZ,常山药业,10.18,1.092353525,4643.5,1046,33,300255
002708.SZ,光洋股份,7.08,1.432664756,4641.5,1047,33,002708
002389.SZ,航天彩虹,13.84,-0.788530466,4639.5,1048,33,002389
600760.SH,中航沈飞,39.99,1.652262328,4637.5,1049,17,600760
000807.SZ,云铝股份,12.72,-1.088646967,4637.0,1050,33,000807
002919.SZ,名臣健康,12.88,2.222222222,4633.5,1051,33,002919
601010.SH,文峰股份,1.8,2.272727273,4620.5,1052,17,601010
000999.SZ,华润三九,40.12,1.621073961,4612.5,1054,33,000999
601111.SH,中国国航,6.54,2.1875,4611.0,1055,17,601111
600588.SH,用友网络,9.1,1.449275362,4609.5,1056,17,600588
600847.SH,万里股份,8.04,-0.618046972,4608.5,1057,17,600847
300118.SZ,东方日升,9.55,0.951374207,4603.5,1058,33,300118
001278.SZ,一彬科技,14.7,0.341296928,4600.0,1059,33,001278
002131.SZ,利欧股份,1.51,1.342281879,4595.5,1060,33,002131
300947.SZ,德必集团,14.56,3.851640514,4592.5,1061,33,300947
300895.SZ,铜牛信息,27.38,-0.797101449,4588.5,1062,33,300895
002756.SZ,永兴材料,33.11,0.03021148,4587.0,1063,33,002756
300766.SZ,每日互动,10.73,1.417769376,4583.0,1064,33,300766
600271.SH,航天信息,8.59,1.536643026,4580.0,1065,17,600271
600820.SH,隧道股份,5.71,3.068592058,4569.0,1067,17,600820
301006.SZ,迈拓股份,12.76,-2.669717773,4556.5,1068,33,301006
600919.SH,江苏银行,7.99,2.435897436,4536.5,1069,17,600919
002821.SZ,凯莱英,66.99,2.306047648,4521.0,1070,33,002821
300223.SZ,北京君正,46.39,1.73245614,4519.0,1072,33,300223
300473.SZ,德尔股份,16.85,2.245145631,4519.0,1071,33,300473
300003.SZ,乐普医疗,9.73,2.205882353,4517.0,1074,33,300003
300245.SZ,天玑科技,6.53,2.190923318,4510.5,1076,33,300245
300366.SZ,创意信息,7.96,0.887198986,4506.5,1077,33,300366
300941.SZ,创识科技,16.35,2.894902454,4503.0,1078,33,300941
300751.SZ,迈为股份,75.37,4.869903993,4498.0,1079,33,300751
600352.SH,浙江龙盛,9.32,1.857923497,4496.5,1080,17,600352
300142.SZ,沃森生物,10.59,2.715809893,4495.0,1082,33,300142
600008.SH,首创环保,2.97,2.06185567,4492.0,1084,17,600008
601058.SH,赛轮轮胎,14.12,-0.493305144,4492.0,1083,17,601058
002410.SZ,广联达,10.15,0.995024876,4489.5,1085,33,002410
300115.SZ,长盈精密,10.81,0.278293135,4489.0,1087,33,300115
301213.SZ,观想科技,31.06,2.711640212,4489.0,1086,33,301213
002192.SZ,融捷股份,30.15,-0.363516193,4485.5,1088,33,002192
600761.SH,安徽合力,18.35,-2.133333333,4478.5,1089,17,600761
300192.SZ,科德教育,10.84,3.732057416,4473.5,1090,33,300192
300093.SZ,金刚光伏,11.87,1.452991453,4467.0,1092,33,300093
002024.SZ,ST易购,1.42,0,4464.0,1093,33,002024
300466.SZ,赛摩智能,6.42,-1.230769231,4461.0,1094,33,300466
000633.SZ,合金投资,4.44,0.909090909,4460.0,1095,33,000633
000766.SZ,通化金马,14.08,-0.424328147,4459.5,1096,33,000766
301205.SZ,联特科技,57.75,5,4458.5,1097,33,301205
300024.SZ,机器人,9.57,0.314465409,4454.0,1098,33,300024
300002.SZ,神州泰岳,9.4,0.534759358,4444.5,1099,33,300002
000589.SZ,贵州轮胎,4.66,1.969365427,4422.0,1100,33,000589
000592.SZ,平潭发展,1.58,2.597402597,4420.5,1101,33,000592
300959.SZ,线上线下,26.35,5.865809562,4419.0,1102,33,300959
002122.SZ,汇洲智能,2.22,0.909090909,4418.5,1103,33,002122
600755.SH,厦门国贸,6.41,4.738562092,4413.5,1104,17,600755
002728.SZ,特一药业,7.39,1.790633609,4410.5,1105,33,002728
300582.SZ,英飞特,9.26,-0.430107527,4401.5,1108,33,300582
002962.SZ,五方光电,13.14,0.38197097,4400.0,1109,33,002962
